Baseline 100%T;;sample1;;sample3;
Wavelength (nm);Abs;Wavelength (nm);Abs;Wavelength (nm);Abs
800;1.795.416.832;800;-0.8439093828;800;4.019.684.315
799;1.789.840.698;799;-0.8402041197;799;4.018.728.733
798;1.791.222.095;798;-0.8412028551;798;4.018.903.732
797;1.787.914.038;797;-0.8399704099;797;4.018.271.923
796;1.784.642.696;796;-0.8360319138;796;4.017.466.545
795;1.786.936.283;795;-0.8386371136;795;4.017.639.637
794;1.785.524.964;794;-0.8370703459;794;4.017.138.004
793;1.784.197.807;793;-0.8354093432;793;4.016.787.529
792;1.786.060.333;792;-0.8377184868;792;4.016.383.171
791;1.781.947.494;791;-0.834671855;791;4.015.444.279
790;1.783.057.332;790;-0.835454464;790;4.015.711.308
789;1.783.916.354;789;-0.8369698524;789;4.016.842.365
788;1.782.364.845;788;-0.8349308968;788;4.015.626.431
787;1.781.183.124;787;-0.8337204456;787;4.015.076.637
786;1.782.078.624;786;-0.8361253142;786;4.015.152.931
785;1.780.375.123;785;-0.8339850903;785;4.015.161.037
784;1.779.109.716;784;-0.8331183195;784;4.014.126.778
783;1.777.879.596;783;-0.8319439888;783;4.014.159.679
782;1.775.721.669;782;-0.8303158879;782;4.013.205.051
781;1.776.936.769;781;-0.8319464326;781;4.013.816.357
780;1.773.450.971;780;-0.8284896612;780;4.013.020.515
779;1.774.186.015;779;-0.828395009;779;4.013.427.734
778;1.775.142.074;778;-0.8310034275;778;4.013.270.378
777;1.774.852.753;777;-0.8303940296;777;4.012.223.244
776;1.774.030.566;776;-0.8294394612;776;4.012.987.137
775;1.774.817.824;775;-0.8309484124;775;4.011.801.243
774;1.772.772.551;774;-0.8286070228;774;4.011.654.377
773;1.773.625.135;773;-0.8302949071;773;4.011.133.671
772;1.771.237.373;772;-0.8279995918;772;401.138.258
771;1.772.002.935;771;-0.8283911347;771;4.010.910.511
770;1.770.983.696;770;-0.8274326921;770;4.010.544.777
769;1.770.647.287;769;-0.8280048966;769;4.010.248.184
768;1.769.786;768;-0.8263435364;768;4.010.258.675
767;1.769.101.381;767;-0.8256974816;767;4.010.615.826
766;176.674.366;766;-0.8248111606;766;4.010.591.984
765;1.768.595.338;765;-0.8268120289;765;4.010.890.961
764;1.767.279.387;764;-0.8255303502;764;4.009.767.056
763;1.766.133.189;763;-0.8245779276;763;4.008.911.133
762;1.766.171.813;762;-0.8245103359;762;4.009.014.606
761;1.764.012.575;761;-0.822696805;761;400.922.823
760;1.764.314.413;760;-0.823320508;760;4.008.966.923
759;1.763.289.332;759;-0.8214905858;759;400.886.488
758;1.763.691.068;758;-0.8227657676;758;4.007.894.516
757;1.761.345.387;757;-0.8203077316;757;4.007.971.287
756;1.762.135.863;756;-0.8209007978;756;4.007.999.897
755;1.760.195.374;755;-0.8188619018;755;4.008.883.953
754;1.758.005.738;754;-0.8175470233;754;4.008.011.341
753;1.759.511.709;753;-0.8195158839;753;4.007.256.508
752;175.769.949;752;-0.8178645968;752;4.007.655.144
751;1.758.342.028;751;-0.8191640377;751;4.007.649.422
750;1.757.266.641;750;-0.8178376555;750;4.007.258.415
749;1.756.852.269;749;-0.8166784048;749;4.006.670.952
748;1.755.731.821;748;-0.815997839;748;400.707.531
747;1.755.304.813;747;-0.8154693842;747;4.006.482.601
746;1.755.960.345;746;-0.8163429499;746;4.006.692.886
745;1.755.942.583;745;-0.8163126707;745;4.007.171.154
744;1.754.612.923;744;-0.8147044778;744;400.651.598
743;1.753.855.348;743;-0.8147290349;743;400.631.094
742;1.753.628.254;742;-0.814437747;742;4.006.816.864
741;1.753.189.564;741;-0.8135213256;741;4.006.416.321
740;1.753.236.175;740;-0.8140121698;740;4.005.942.345
739;1.750.294.328;739;-0.8109129667;739;4.006.063.938
738;1.751.447.082;738;-0.8125686049;738;4.005.547.523
737;1.749.739.051;737;-0.810387671;737;4.005.260.944
736;1.748.916.626;736;-0.8106445074;736;4.005.352.974
735;1.748.788.595;735;-0.8104964495;735;4.004.508.972
734;1.747.161.269;734;-0.8091975451;734;4.004.377.365
733;1.747.767.091;733;-0.8099851608;733;4.003.808.975
732;1.747.312.069;732;-0.8098966479;732;4.003.216.267
731;1.744.359.851;731;-0.8075504303;731;4.003.180.981
730;1.745.635.867;730;-0.8090802431;730;4.002.990.723
729;1.744.221.091;729;-0.808075428;729;4.002.069.473
728;1.743.430.614;728;-0.8078820109;728;4.001.661.777
727;1.742.708.683;727;-0.8071547747;727;4.002.145.767
726;1.741.657.138;726;-0.8067703843;726;4.001.504.898
725;1.741.482.377;725;-0.8056026697;725;4.000.963.688
724;1.740.736.723;724;-0.8058805466;724;4.000.851.154
723;1.740.165.353;723;-0.8052327037;723;4.000.607.014
722;173.811.698;722;-0.8031144738;722;400.178.194
721;1.739.528.418;721;-0.8042231798;721;4.001.083.374
720;1.738.883.257;720;-0.8035773635;720;4.000.918.865
719;1.739.247.322;719;-0.8043848872;719;4.000.692.368
718;1.740.051.866;718;-0.8044271469;718;4.001.566.887
717;1.737.997.293;717;-0.802362442;717;4.001.098.633
716;1.738.060.474;716;-0.8029949069;716;4.001.377.106
715;173.686.409;715;-0.8017612696;715;4.001.428.127
714;1.736.642.599;714;-0.8013542891;714;4.001.173.973
713;1.734.848.261;713;-0.7993347049;713;4.001.398.087
712;1.735.334.277;712;-0.7999571562;712;4.000.861.168
711;1.734.633.923;711;-0.7992284298;711;4.000.868.797
710;1.734.367.967;710;-0.7994415164;710;4.000.897.408
709;1.732.112.646;709;-0.7970837951;709;4.000.871.181
708;1.732.275.605;708;-0.7978245616;708;4.000.504.971
707;1.731.318.593;707;-0.7969895005;707;3.999.863.148
706;1.730.302.811;706;-0.7957853675;706;4.000.095.844
705;173.077.333;705;-0.7962805033;705;3.999.862.432
704;1.728.946.686;704;-0.7953082919;704;399.919.939
703;1.727.302.551;703;-0.7940251827;703;3.998.993.158
702;1.726.025.224;702;-0.792986393;702;3.999.139.547
701;172.520.268;701;-0.7926017642;701;3.998.228.312
700;1.724.563.122;700;-0.7918769717;700;3.998.516.321
699;1.723.611.832;699;-0.7908087969;699;3.997.407.198
698;1.722.780.108;698;-0.7905946374;698;3.997.426.033
697;1.722.161.531;697;-0.7897328734;697;3.997.931.957
696;1.723.543.882;696;-0.7915355563;696;3.997.270.584
695;1.720.607.519;695;-0.788705945;695;3.997.104.406
694;1.721.162.677;694;-0.7892095447;694;399.727.416
693;171.936.655;693;-0.7876828909;693;3.996.958.733
692;1.718.517.661;692;-0.7859508991;692;3.996.795.654
691;1.718.309.402;691;-0.7855300307;691;399.709.034
690;1.718.375.325;690;-0.7860482931;690;399.652.791
689;17.172.755;689;-0.7849240899;689;3.996.983.051
688;1.716.790.557;688;-0.784694612;688;3.996.816.874
687;1.716.364.145;687;-0.7833032608;687;3.997.781.754
686;1.717.410.803;686;-0.7846961021;686;399.709.487
685;1.715.675.712;685;-0.7824881077;685;3.997.712.374
684;1.714.776.397;684;-0.7812210321;684;3.997.618.437
683;1.713.920.832;683;-0.7807679176;683;3.997.927.666
682;171.453.464;682;-0.7801430225;682;3.998.270.988
681;1.715.010.047;681;-0.7805091143;681;3.998.649.836
680;1.713.248.372;680;-0.7789834738;680;3.998.980.761
679;171.382.165;679;-0.7793514729;679;3.999.065.161
678;1.713.926.315;678;-0.778504014;678;3.999.406.576
677;1.712.623;677;-0.7768004537;677;3.999.915.361
676;1.711.579.919;676;-0.7757534981;676;3.999.554.157
675;1.711.943.507;675;-0.7763828635;675;3.999.925.613
674;171.131.587;674;-0.7748119831;674;4.000.566.959
673;1.711.520.433;673;-0.7747825384;673;4.001.002.312
672;1.712.203.145;672;-0.7753005624;672;4.001.514.912
671;1.712.618.947;671;-0.7745867372;671;4.001.542.568
670;1.711.241.841;670;-0.7736174464;670;4.001.531.124
669;1.709.609.866;669;-0.7712135911;669;4.001.844.406
668;1.708.615.422;668;-0.7698956132;668;4.002.620.697
667;1.709.820.151;667;-0.7702041864;667;4.003.155.708
666;1.709.812.045;666;-0.7691555619;666;4.003.759.384
665;1.709.925.294;665;-0.7694703937;665;400.405.407
664;1.708.797.932;664;-0.7676004767;664;4.004.684.448
663;1.708.559.752;663;-0.7669703364;663;4.004.990.101
662;1.709.314.227;662;-0.7664612532;662;4.004.951.954
661;1.708.568.215;661;-0.7659842372;661;400.587.368
660;1.706.777.692;660;-0.7642644644;660;4.006.127.834
659;1.707.992.554;659;-0.7644838095;659;4.006.530.762
658;1.707.890.034;658;-0.7635789514;658;400.728.178
657;1.708.524.823;657;-0.7636770606;657;400.777.626
656;1.707.805.395;656;-0.7623669505;656;400.799.942
655;1.707.368.374;655;-0.761536777;655;4.008.743.763
654;1.705.992.937;654;-0.7597322464;654;4.008.740.902
653;1.707.638.144;653;-0.7608423233;653;4.009.156.704
652;1.706.255.436;652;-0.7592756152;652;4.010.089.397
651;1.707.042.336;651;-0.7599127889;651;4.010.357.857
650;1.705.711.007;650;-0.7576779723;650;4.010.920.048
649;1.705.318.689;649;-0.755854249;649;4.011.614.323
648;1.706.048.727;648;-0.7565761805;648;401.196.146
647;1.704.957.247;647;-0.755186975;647;4.012.600.899
646;1.704.055.071;646;-0.7535379529;646;4.013.009.071
645;1.705.336.571;645;-0.7544212341;645;4.013.960.361
644;1.703.497.529;644;-0.7517123818;644;4.014.029.026
643;1.704.663.277;643;-0.7522316575;643;4.014.662.266
642;1.705.181.837;642;-0.7525036335;642;4.014.845.848
641;1.704.526.067;641;-0.7511757016;641;4.014.981.747
640;1.703.155.875;640;-0.7490004301;640;4.015.869.141
639;1.703.650.236;639;-0.748894453;639;4.017.077.446
638;1.704.035.401;638;-0.7486827374;638;4.017.561.913
637;1.703.085.065;637;-0.747168839;637;4.017.608.643
636;1.703.424.573;636;-0.7468261719;636;4.018.354.416
635;1.703.594.327;635;-0.7468624711;635;4.018.617.153
634;1.702.578.664;634;-0.7449364066;634;4.019.433.498
633;1.701.216.936;633;-0.7425793409;633;4.020.145.416
632;1.702.206.612;632;-0.7431101203;632;4.020.554.543
631;170.217.073;631;-0.7430005074;631;4.021.439.075
630;170.178.473;630;-0.7416211367;630;4.021.597.862
629;1.701.051.235;629;-0.7400228381;629;4.022.565.365
628;1.701.462.626;628;-0.7395499349;628;4.023.181.438
627;1.702.006.221;627;-0.7400432825;627;4.023.928.165
626;1.702.368.379;626;-0.7387068868;626;4.024.526.119
625;1.701.674.819;625;-0.7381250858;625;402.524.519
624;1.700.901.151;624;-0.7364510894;624;4.025.887.489
623;1.701.307.535;623;-0.7359700799;623;402.630.806
622;1.700.989.604;622;-0.7345892191;622;4.027.351.379
621;1.700.588.822;621;-0.7336732745;621;402.793.169
620;1.700.290.203;620;-0.7330004573;620;4.028.618.813
619;1.700.840.473;619;-0.732267499;619;4.029.187.202
618;1.700.115.085;618;-0.7312492728;618;4.029.343.128
617;1.700.796.008;617;-0.7310413718;617;4.030.311.108
616;1.700.391.412;616;-0.7297493219;616;4.031.241.417
615;1.699.754.357;615;-0.7280295491;615;4.031.981.468
614;1.699.466.705;614;-0.7277154922;614;4.032.745.361
613;1.698.706.269;613;-0.7259545326;613;4.033.441.067
612;1.699.872.971;612;-0.7259446383;612;4.034.240.246
611;1.698.420.763;611;-0.7242445946;611;4.035.079.002
610;1.698.848.248;610;-0.7237374783;610;4.035.646.439
609;1.699.376.345;609;-0.7232455015;609;4.036.316.395
608;1.698.868.155;608;-0.7222937942;608;4.037.189.484
607;1.698.344.111;607;-0.7211510539;607;4.038.045.883
606;1.698.728.919;606;-0.7201557755;606;4.038.442.135
605;169.805.789;605;-0.718971312;605;4.039.172.173
604;1.698.768.139;604;-0.7188199162;604;4.040.086.269
603;1.697.921.395;603;-0.7168847919;603;4.040.808.678
602;1.699.257.374;602;-0.7174790502;602;4.041.629.314
601;1.698.676.705;601;-0.7162902355;601;4.042.463.303
600;1.698.078.513;600;-0.7148728967;600;4.043.097.019
599;1.698.409.438;599;-0.71410954;599;4.043.869.972
598;1.697.750.926;598;-0.7132634521;598;4.044.600.964
597;1.698.153.377;597;-0.7128608823;597;4.045.569.897
596;1.698.030.829;596;-0.7117789388;596;4.046.007.633
595;1.696.407.437;595;-0.7095453143;595;4.046.578.407
594;169.721.365;594;-0.7093794942;594;4.046.937.943
593;1.695.802.927;593;-0.7068272233;593;4.048.280.716
592;169.632.709;592;-0.7065964341;592;4.048.696.518
591;169.710.362;591;-0.7066219449;591;4.049.713.135
590;1.696.172.833;590;-0.7048228383;590;4.050.422.668
589;1.694.371.939;589;-0.7019649744;589;4.051.224.232
588;1.695.736.289;588;-0.7028684616;588;4.051.802.635
587;1.695.081.472;587;-0.7007266283;587;4.052.796.364
586;1.695.651.412;586;-0.7004235387;586;4.054.148.674
585;1.694.404.125;585;-0.6981352568;585;4.055.024.624
584;1.696.157.455;584;-0.6994194984;584;4.055.451.393
583;1.694.455.028;583;-0.696688652;583;4.056.282.043
582;1.695.021.749;582;-0.69646734;582;4.057.011.604
581;1.695.104.361;581;-0.6959809661;581;4.058.167.934
580;1.694.642.663;580;-0.6944349408;580;4.058.986.664
579;1.694.971.085;579;-0.6934373379;579;4.059.619.427
578;1.694.707.751;578;-0.6922236681;578;4.060.457.706
577;1.694.178.939;577;-0.6909146309;577;4.061.655.998
576;169.423.914;576;-0.6900207996;576;4.062.982.559
575;1.694.321.513;575;-0.6889144182;575;406.329.298
574;1.694.269.657;574;-0.6882069111;574;406.434.679
573;1.694.203.258;573;-0.6869389415;573;4.065.637.112
572;1.694.653.392;572;-0.6863183975;572;4.066.847.801
571;1.693.312.407;571;-0.6840379834;571;4.066.946.983
570;1.694.568.038;570;-0.6844239831;570;4.068.106.651
569;1.694.837.809;569;-0.6834766865;569;4.069.303.036
568;1.695.036.054;568;-0.6825053096;568;4.070.394.993
567;1.692.639.947;567;-0.6796351671;567;4.070.679.188
566;1.692.666.888;566;-0.6787471771;566;4.071.424.484
565;1.693.007.946;565;-0.6782922149;565;4.072.378.159
564;1.692.411.542;564;-0.6769211888;564;4.073.509.693
563;1.693.638.563;563;-0.6766299605;563;4.074.563.503
562;1.693.411.946;562;-0.6755526662;562;4.076.025.486
561;1.693.427.444;561;-0.674465239;561;4.076.451.778
560;1.692.709.565;560;-0.6724408865;560;4.077.551.365
559;1.693.467.736;559;-0.6726250052;559;4.078.499.794
558;1.692.724.466;558;-0.6707208157;558;4.079.567.909
557;169.233.942;557;-0.6692511439;557;4.080.435.753
556;169.317.627;556;-0.6688476801;556;408.122.015
555;1.693.243.384;555;-0.6678519845;555;4.082.931.042
554;1.692.597.032;554;-0.6660016179;554;4.083.857.059
553;1.692.410.588;553;-0.6646165252;553;4.084.867.001
552;1.693.279.505;552;-0.6643862128;552;4.085.618.019
551;1.692.632.437;551;-0.6627498269;551;4.087.040.424
550;1.692.852.497;550;-0.6617539525;550;408.810.997
549;1.693.225.145;549;-0.6606425643;549;4.089.039.803
548;1.693.330.646;548;-0.6594595313;548;4.090.361.118
547;1.692.607.284;547;-0.6576911807;547;4.091.749.191
546;1.693.328.738;546;-0.6570642591;546;4.092.832.088
545;1.693.549.991;545;-0.6566382051;545;4.093.783.379
544;1.693.471.551;544;-0.6547977328;544;4.094.797.611
543;1.693.085.194;543;-0.6532340646;543;4.096.299.648
542;1.692.747.712;542;-0.6518973112;542;4.097.610.474
541;1.693.279.982;541;-0.6513682008;541;4.098.400.116
540;1.693.910.718;540;-0.6505815983;540;4.100.075.245
539;1.693.807.721;539;-0.64878124;539;4.101.317.883
538;1.693.270.326;538;-0.6473608017;538;4.102.680.683
537;1.693.931.103;537;-0.6463620663;537;410.372.591
536;1.693.346.977;536;-0.6445226073;536;4.104.991.913
535;1.693.103.909;535;-0.6427314281;535;4.106.582.165
534;169.397.378;534;-0.6424847841;534;4.107.659.817
533;1.693.535.805;533;-0.640864253;533;4.109.270.573
532;1.692.365.527;532;-0.6382821202;532;4.110.309.124
531;1.693.728.447;531;-0.6379024982;531;4.111.557.961
530;1.693.065.166;530;-0.6356546283;530;4.113.161.564
529;1.693.220.615;529;-0.6344656348;529;4.114.023.685
528;1.693.047.643;528;-0.6329120398;528;4.115.969.658
527;169.241.488;527;-0.6314972043;527;4.117.042.542
526;169.369.483;526;-0.6307452321;526;4.118.063.927
525;1.692.173.481;525;-0.6281988621;525;4.119.889.259
524;1.692.357.898;524;-0.627188623;524;4.120.532.036
523;1.691.462.636;523;-0.624777317;523;4.122.101.784
522;169.208.312;522;-0.6238355041;522;4.123.752.117
521;1.691.940.188;521;-0.622385323;521;4.124.787.331
520;1.692.364.097;520;-0.6219630241;520;4.125.985.622
519;1.691.472.173;519;-0.6198936701;519;4.127.313.137
518;1.690.920.472;518;-0.617508173;518;4.128.468.037
517;1.690.526.009;517;-0.6158732176;517;4.129.678.249
516;1.690.711.379;516;-0.6152308583;516;4.130.312.443
515;1.690.053.582;515;-0.6130467057;515;4.131.934.166
514;1.689.583.182;514;-0.6113575697;514;4.133.299.828
513;1.690.230.727;513;-0.610263586;513;4.134.653.568
512;169.022.882;512;-0.6090892553;512;4.135.540.009
511;1.687.159.896;511;-0.6052697301;511;4.136.713.982
510;1.689.244.032;510;-0.6055356264;510;413.784.647
509;1.688.018.918;509;-0.6027712822;509;4.139.337.063
508;1.689.365.745;508;-0.6030334234;508;4.140.486.717
507;1.687.484.145;507;-0.5999284387;507;4.141.476.631
506;1.688.736.916;506;-0.6001160741;506;4.143.269.539
505;1.688.602.805;505;-0.5984243155;505;4.143.938.065
504;1.687.337.399;504;-0.5961325169;504;4.145.469.666
503;1.686.585.903;503;-0.5939786434;503;4.146.711.826
502;1.688.075.304;502;-0.5936254263;502;4.148.450.375
501;16.878.829;501;-0.5924405456;501;4.149.549.484
500;1.688.020.706;500;-0.5907415748;500;4.150.640.965
499;1.685.996.532;499;-0.5873532891;499;415.250.349
498;1.686.521.411;498;-0.5861446857;498;4.153.976.917
497;1.686.371.684;497;-0.5846935511;497;4.154.975.891
496;1.686.604.142;496;-0.5839135051;496;4.156.202.316
495;1.686.600.327;495;-0.5825016499;495;4.157.515.049
494;1.685.966.253;494;-0.5797474384;494;4.159.597.397
493;1.685.766.101;493;-0.5784575939;493;4.160.768.032
492;1.685.123.801;492;-0.5760607719;492;4.162.147.999
491;1.684.707.642;491;-0.5742267966;491;4.163.209.915
490;168.587.935;490;-0.5741561055;490;4.165.201.664
489;1.686.491.728;489;-0.5727843642;489;4.166.518.688
488;1.684.674.978;488;-0.5695504546;488;4.168.486.595
487;1.685.947.418;487;-0.5689936876;487;4.170.311.928
486;1.684.631.824;486;-0.5655484796;486;4.171.354.294
485;1.685.245.514;485;-0.5650356412;485;4.172.913.551
484;1.685.430.646;484;-0.5632104874;484;4.174.636.841
483;1.685.850.382;483;-0.5623373985;483;4.175.762.653
482;1.685.401.201;482;-0.5606784821;482;417.781.353
481;1.684.762.597;481;-0.5585606098;481;4.178.990.364
480;1.685.634.613;480;-0.5571030974;480;4.181.037.426
479;1.684.796.572;479;-0.5538467765;479;4.182.792.187
478;1.686.384.439;478;-0.5541574955;478;4.184.340.954
477;1.685.753.703;477;-0.5510690808;477;418.665.266
476;1.685.220.122;476;-0.5492287874;476;4.187.777.519
475;1.684.789.181;475;-0.5470474362;475;4.189.901.352
474;1.684.066.296;474;-0.5443639159;474;4.191.793.442
473;1.684.198.737;473;-0.5433597565;473;4.192.726.135
472;1.685.167.074;472;-0.5423267484;472;4.195.291.042
471;1.685.059.309;471;-0.5399821997;471;4.196.275.234
470;1.684.025.526;470;-0.5374595523;470;4.198.732.853
469;1.684.291.959;469;-0.5356712341;469;4.200.191.975
468;1.685.611.725;468;-0.5362324119;468;420.123.291
467;1.684.332.848;467;-0.5330989361;467;4.202.984.333
466;1.684.266.448;466;-0.5312874913;466;420.439.291
465;1.684.275.627;465;-0.5304036736;465;4.205.746.651
464;1.684.291.244;464;-0.5280641913;464;4.207.773.685
463;1.683.974.504;463;-0.5258529782;463;4.209.082.603
462;1.683.087.945;462;-0.5237112045;462;4.210.673.332
461;1.683.041.096;461;-0.5211443901;461;4.212.798.119
460;1.682.232.976;460;-0.519084692;460;4.214.138.985
459;1.683.430.552;459;-0.5185012221;459;4.215.949.059
458;1.682.364.345;458;-0.5158217549;458;4.217.178.822
457;1.683.551.431;457;-0.5152420998;457;42.194.314
456;1.681.359.529;456;-0.511536777;456;4.220.630.646
455;1.681.351.185;455;-0.5095355511;455;4.222.511.292
454;1.682.425.976;454;-0.5082043409;454;4.224.787.235
453;1.681.196.928;453;-0.5054221749;453;4.226.460.457
452;1.681.152.582;452;-0.5035387874;452;42.283.535
451;1.682.579.756;451;-0.503392458;451;4.229.713.917
450;1.681.178.927;450;-0.5001309514;450;4.231.697.083
449;1.680.742.145;449;-0.497921288;449;4.234.084.606
448;1.680.337.191;448;-0.4958901703;448;4.235.240.459
447;1.680.710.554;447;-0.4938295484;447;4.237.677.097
446;1.679.574.013;446;-0.4902376533;446;4.239.490.032
445;1.679.919.124;445;-0.4885562658;445;4.240.686.417
444;1.679.086.447;444;-0.4861144423;444;4.243.134.022
443;1.678.984.761;443;-0.4832375348;443;424.505.043
442;1.678.249.717;442;-0.4812901616;442;4.247.152.805
441;1.679.000.258;441;-0.4801290631;441;424.956.131
440;1.679.029.822;440;-0.4780905247;440;4.251.340.866
439;1.679.047.346;439;-0.4758736491;439;4.252.126.694
438;1.677.774.191;438;-0.4730189741;438;4.254.042.625
437;1.677.633.166;437;-0.4710790217;437;4.256.884.098
436;1.677.906.752;436;-0.4693528712;436;4.259.140.015
435;1.677.695.274;435;-0.4661355317;435;4.260.654.926
434;1.680.624.962;434;-0.4668931663;434;4.262.200.832
433;1.678.968.787;433;-0.4630895853;433;4.264.634.609
432;1.679.461.002;432;-0.461815238;432;4.266.624.928
431;1.679.001.331;431;-0.4588934779;431;4.269.102.573
430;1.676.759.005;430;-0.4546232522;430;4.270.417.213
429;1.678.217.411;429;-0.4541644454;429;4.272.889.137
428;1.677.458.405;428;-0.4515308142;428;4.275.194.168
427;1.677.793.026;427;-0.4490759969;427;4.276.979.923
426;1.677.543.402;426;-0.4472072423;426;4.279.182.911
425;167.792.356;425;-0.445347935;425;4.281.572.342
424;1.677.684.546;424;-0.4425910413;424;4.283.095.837
423;1.676.590.443;423;-0.4394331872;423;4.285.550.117
422;1.677.475.691;422;-0.4373063445;422;4.287.882.805
421;1.676.216.841;421;-0.4339490831;421;4.289.684.296
420;167.604.351;420;-0.4323346317;420;429.258.728
419;1.675.760.508;419;-0.4292323291;419;4.293.885.708
418;1.674.769.998;418;-0.4264019728;418;4.296.443.462
417;1.676.252.604;417;-0.4257726669;417;4.298.289.299
416;167.608.881;416;-0.4239063561;416;4.301.269.054
415;1.676.182.985;415;-0.4204694927;415;4.302.905.083
414;1.675.339.818;414;-0.4178199172;414;4.305.006.981
413;1.675.138.235;413;-0.4152481556;413;4.307.664.871
412;1.675.627.947;412;-0.4136382043;412;4.310.556.889
411;1.674.530.625;411;-0.4094665051;411;4.312.399.387
410;1.674.283.504;410;-0.4076360166;410;4.314.094.543
409;1.673.842.907;409;-0.4045859873;409;4.316.578.388
408;1.672.096.491;408;-0.4016381204;408;4.318.687.439
407;1.672.573.447;407;-0.3984012008;407;4.321.699.142
406;1.673.688.293;406;-0.3975020051;406;432.287.693
405;167.323.494;405;-0.3946292996;405;4.327.037.334
404;1.673.543.692;404;-0.3932474852;404;4.327.788.353
403;1.673.030.257;403;-0.3900185823;403;433.058.548
402;1.672.023.654;402;-0.385694176;402;4.332.994.938
401;1.671.354.413;401;-0.3829389513;401;433.646.822
400;1.672.441.363;400;-0.3812341094;400;4.339.384.079
399;167.131.722;399;-0.3770126402;399;434.073.782
398;1.671.238.542;398;-0.3745285869;398;4.343.576.431
397;1.669.544.458;397;-0.3713222742;397;434.510.231
396;1.670.570.731;396;-0.3688355386;396;4.348.816.395
395;1.670.949.459;395;-0.3663711548;395;4.352.190.495
394;1.671.426.296;394;-0.3646116555;394;4.353.621.006
393;1.669.709.325;393;-0.3598746657;393;4.356.873.512
392;1.672.074.318;392;-0.3589602709;392;4.360.111.237
391;1.670.253.992;391;-0.3549144566;391;4.362.112.999
390;1.671.030.879;390;-0.3524682522;390;4.364.652.157
389;1.671.152.234;389;-0.3493508995;389;4.366.811.275
388;1.669.948.101;388;-0.3460313976;388;4.369.176.388
387;1.669.022.322;387;-0.3409541845;387;4.372.471.809
386;1.671.735.168;386;-0.3415474892;386;4.376.617.908
385;1.669.383.883;385;-0.3356953263;385;4.379.070.759
384;1.671.727.061;384;-0.3361150622;384;4.381.923.676
383;1.670.099.974;383;-0.3292428851;383;4.385.584.831
382;1.671.428.442;382;-0.3284339309;382;4.388.938.427
381;1.671.230.197;381;-0.3248765469;381;4.393.298.149
380;1.670.971.513;380;-0.320004642;380;4.397.639.275
379;1.671.981.335;379;-0.316406548;379;4.400.557.041
378;1.674.179.554;378;-0.3151265085;378;4.403.057.098
377;1.679.789.662;377;-0.3166514933;377;440.834.856
376;1.675.860.763;376;-0.3102171719;376;441.159.153
375;167.894.876;375;-0.3085080385;375;4.414.962.769
374;1.681.010.365;374;-0.3059432209;374;4.420.415.401
373;1.681.897.163;373;-0.3026434779;373;4.422.497.749
372;1.679.904.461;372;-0.2973481715;372;4.426.250.935
371;1.680.657.268;371;-0.296351403;371;4.431.359.291
370;1.685.154.557;370;-0.2959816754;370;4.435.107.231
369;1.686.867.237;369;-0.2961033881;369;4.436.967.373
368;1.683.119.655;368;-0.2935196161;368;4.436.851.501
367;1.690.620.184;367;-0.2938755751;367;4.445.304.394
366;1.688.880.444;366;-0.2868164778;366;4.451.780.319
365;1.684.981.108;365;-0.2782758176;365;4.452.131.748
364;1.686.589.003;364;-0.2796466053;364;4.452.551.365
363;1.693.815.231;363;-0.281770587;363;4.459.166.527
362;1.692.004.681;362;-0.2805447876;362;4.459.432.602
361;1.693.239.689;361;-0.2763743699;361;4.462.253.094
360;1.696.298.242;360;-0.2745294273;360;4.465.947.628
359;1.689.347.386;359;-0.2635740936;359;4.466.439.247
358;1.699.284.315;358;-0.2763359547;358;4.466.437.817
357;1.702.221.751;357;-0.2827400863;357;4.472.052.574
356;1.695.597.053;356;-0.2676391006;356;4.471.340.179
355;1.691.203.237;355;-0.2670583129;355;4.471.399.307
354;1.697.974.682;354;-0.2757160068;354;4.470.468.998
353;1.708.853.722;353;-0.2862678468;353;4.468.601.227
352;1.695.380.926;352;-0.2731309831;352;4.467.237.949
351;1.693.006.873;351;-0.2787886262;351;4.455.648.899
350;1.708.706.856;350;-0.3102514446;350;4.453.484.535
349;1.705.176.115;349;-0.3207077086;349;4.447.778.702
348;1.687.492.847;348;-0.2209887505;348;4.507.612.705
347;1.676.187.754;347;-0.2053862363;347;4.509.597.301
346;1.685.432.434;346;-0.218473658;346;4.518.420.696
345;1.673.011.899;345;-0.2006780505;345;4.523.169.518
344;1.679.256.797;344;-0.1982446611;344;4.522.463.799
343;1.682.460.904;343;-0.1995168775;343;4.525.852.203
342;1.687.464.356;342;-0.1960119307;342;4.530.869.484
341;168.602.407;341;-0.1921332479;341;4.539.771.557
340;1.686.573.267;340;-0.1904336065;340;4.547.333.717
339;168.670.845;339;-0.1808623523;339;4.548.579.693
338;1.688.797.235;338;-0.1776593179;338;4.553.166.389
337;1.687.839.031;337;-0.1714309603;337;4.561.401.367
336;1.685.854.316;336;-0.1569655538;336;4.569.257.736
335;1.687.024.236;335;-0.149090454;335;4.581.213.474
334;1.687.701.225;334;-0.144416675;334;459.198.761
333;1.691.112.161;333;-0.138033852;333;4.600.543.976
332;1.689.977.288;332;-0.1240663975;332;4.609.636.784
331;1.692.565.084;331;-0.1199619025;331;4.618.605.137
330;1.688.703.299;330;-0.1055877656;330;4.627.129.078
329;1.693.259.001;329;-0.09860655665;329;4.634.873.867
328;1.699.557.662;328;-0.1011108682;328;4.645.658.016
327;1.695.007.801;327;-0.08960857242;327;4.650.654.793
326;169.927.609;326;-0.08532078564;326;4.655.164.242
325;1.699.592.829;325;-0.07685861737;325;4.664.378.643
324;1.701.025.128;324;-0.07310751826;324;467.580.986
323;1.707.699.895;323;-0.06924773008;323;4.681.644.917
322;1.709.073.544;322;-0.06658384949;322;4.689.282.894
321;1.710.505.128;321;-0.06194455549;321;4.697.192.669
320;1.706.732.512;320;-0.03671142086;320;4.706.793.785
319;1.711.618.423;319;-0.03314075619;319;4.716.957.569
318;1.717.654.586;318;-0.02932481281;318;4.731.724.739
317;1.712.123.275;317;-0.01349005383;317;4.740.532.875
316;1.720.129.013;316;-0.01164991315;316;4.751.231.194
315;1.717.463.017;315;0.001706333715;315;4.756.832.123
314;1.725.004.911;314;0.007094631437;314;4.775.824.547
313;1.732.761.502;313;0.009416786022;313;4.777.639.389
312;1.737.313.986;312;0.003866586136;312;4.788.243.771
311;1.730.309.725;311;0.02873259038;311;4.796.883.106
310;1.739.842.176;310;0.02564701997;310;481.730.938
309;1.749.682.784;309;0.02769852988;309;4.818.207.264
308;1.763.118.744;308;0.03713271022;308;4.839.422.226
307;1.761.692.286;307;0.04453272372;307;4.847.328.663
306;1.773.497.343;306;0.0499217473;306;4.865.751.743
305;1.785.472.512;305;0.05591657013;305;4.885.358.334
304;1.799.965.262;304;0.06435402483;304;4.910.290.718
303;18.072.083;303;0.08218824118;303;4.934.211.731
302;1.832.226.276;302;0.08298928291;302;4.962.897.301
301;1.847.404.599;301;0.1033893079;301;4.996.731.281
300;1.873.220.921;300;0.1202333346;300;5.035.439.014
299;1.897.223.592;299;0.1432441622;299;5.081.327.438
298;19.332.757;298;0.1766856909;298;514.472.723
297;1.984.096.169;297;0.215610534;297;5.245.758.057
296;2.035.554.886;296;0.3032307327;296;5.368.759.632
295;2.098.835.945;295;0.3854125738;295;5.532.444
294;2.171.938.419;294;0.4924354553;294;5.708.384.991
293;2.227.365.494;293;0.5934426785;293;5.869.996.071
292;2.247.179.508;292;0.6544692516;292;5.947.105.885
291;2.275.931.597;291;0.6037746668;291;5.940.155.506
290;2.286.443.472;290;0.6173885465;290;595.219.326
289;2.318.811.417;289;0.6042463779;289;5.983.352.184
288;2.337.474.585;288;0.6480370164;288;6.022.829.056
287;2.358.564.138;287;0.6853727102;287;6.098.585.606
286;239.006.114;286;0.7010487318;286;6.160.004.139
285;2.416.749.477;285;0.7454513311;285;6.171.459.198
284;2.447.824.478;284;0.714433372;284;6.223.388.195
283;2.479.832.411;283;0.6952897906;283;6.241.458.893
282;2.527.573.824;282;0.7113677859;282;6.276.900.291
281;2.573.408.127;281;0.6811946034;281;6.327.268.124
280;2.623.958.349;280;0.6076801419;280;6.372.017.384
279;2.697.227.001;279;0.6124521494;279;6.304.695.606
278;2.748.877.287;278;0.5674269199;278;6.414.944.649
277;2.804.225.922;277;0.5711034536;277;6.436.320.782
276;2.854.610.682;276;0.5496104956;276;6.483.277.798
275;2.899.368.048;275;0.5385913253;275;6.536.705.017
274;2.927.989.244;274;0.5488686562;274;6.535.088.539
273;2.940.016.508;273;0.4866864383;273;6.524.949.551
272;2.989.751.577;272;0.4604961574;272;6.569.158.077
271;2.979.791.164;271;0.4927879274;271;6.573.644.161
270;299.111.557;270;0.4827741683;270;655.180.788
269;3.005.757.809;269;0.496468693;269;6.576.031.208
268;3.004.624.128;268;0.4756889045;268;6.607.692.242
267;2.985.393.763;267;0.5437625051;267;6.587.064.743
266;301.655.221;266;0.51970011;266;6.612.598.896
265;2.994.325.161;265;0.4890218973;265;6.582.518.101
264;2.996.889.591;264;0.522127986;264;660.618.639
263;2.999.382.734;263;0.4901322126;263;6.584.500.313
262;2.992.826.462;262;0.5023220778;262;6.602.639.198
261;2.997.894.287;261;0.5187231302;261;6.594.351.768
260;2.973.802.567;260;0.5366768241;260;659.961.319
259;298.298.192;259;0.4996528029;259;6.597.592.354
258;2.964.221.478;258;0.5407223105;258;6.609.554.768
257;2.974.443.436;257;0.5400819778;257;6.592.951.775
256;296.709.156;256;0.5414372683;256;6.573.174.477
255;2.980.213.642;255;0.5442457199;255;6.560.540.676
254;2.966.615.915;254;0.4933034182;254;6.592.768.192
253;2.960.664.511;253;0.5374244452;253;6.582.071.304
252;294.165.802;252;0.5734422803;252;6.567.415.237
251;2.970.061.779;251;0.5109018087;251;6.570.752.621
250;2.900.267.839;250;0.5539243221;250;6.579.308.987
249;2.926.287.413;249;0.4497608244;249;658.777.523
248;2.921.108.007;248;0.4902514815;248;6.485.773.563
247;292.670.536;247;0.5274309516;247;651.162.672
246;2.937.971.115;246;0.4713646472;246;6.525.702.953
245;2.921.918.631;245;0.5506648421;245;6.529.703.617
244;2.927.243.471;244;0.4900731444;244;6.533.990.383
243;2.927.889.824;243;0.5001416206;243;6.515.990.734
242;2.899.213.314;242;0.5657379031;242;653.300.333
241;2.906.477.928;241;0.5100920796;241;6.521.537.304
240;2.917.917.728;240;0.5250753164;240;6.519.082.069
239;2.910.135.508;239;0.5519375205;239;6.507.588.863
238;2.890.834.332;238;0.5366165638;238;6.524.804.592
237;289.249.301;237;0.556396544;237;6.525.140.762
236;2.901.327.372;236;0.5405107141;236;650.837.183
235;2.891.161.442;235;0.5161172152;235;6.494.268.894
234;2.877.940.655;234;0.5385986567;234;6.500.268.936
233;2.890.042.543;233;0.5237095356;233;6.524.252.415
232;2.884.062.529;232;0.5420198441;232;6.504.274.368
231;2.891.615.629;231;0.5250009298;231;650.292.778
230;2.878.867.149;230;0.5356168151;230;6.515.131.474
229;2.895.698.786;229;0.5100674033;229;6.486.590.385
228;2.886.813.879;228;0.5152065754;228;6.478.138.924
227;2.903.656.483;227;0.5395983458;227;6.512.786.388
226;2.894.287.348;226;0.5060596466;226;6.517.009.258
225;2.904.230.356;225;0.4938799441;225;6.519.246.578
224;2.901.741.266;224;0.5265945196;224;6.506.293.297
223;288.390.708;223;0.555580616;223;6.527.616.024
222;2.880.535.603;222;0.494630307;222;6.475.726.128
221;2.897.980.452;221;0.49640885;221;6.468.078.613
220;287.962.842;220;0.4971057475;220;6.493.325.233
219;2.884.703.636;219;0.5121246576;219;6.481.268.883
218;2.893.594.027;218;0.47397241;218;6.488.353.252
217;2.890.152.931;217;0.4992767572;217;6.435.173.988
216;2.885.075.808;216;0.4698609412;216;6.429.276.943
215;287.411.809;215;0.4973783493;215;6.496.944.904
214;2.873.770.237;214;0.4988016486;214;6.462.793.827
213;2.873.007.536;213;0.4635830224;213;6.423.597.336
212;2.879.294.872;212;0.4378791451;212;6.398.241.997
211;2.898.277.521;211;0.441375047;211;6.397.642.612
210;2.894.033.194;210;0.4188727736;210;6.415.718.079
209;2.880.796.432;209;0.4195140302;209;641.286.087
208;289.270.854;208;0.4037056863;208;6.379.644.871
207;288.588.953;207;0.5639141798;207;6.586.354.733
206;2.986.922.979;206;0.5400707722;206;6.710.934.162
205;2.943.351.984;205;0.514303565;205;6.542.611.122
204;294.227.767;204;0.4670538008;204;6.490.215.302
203;2.931.111.574;203;0.505479157;203;6.526.496.887
202;2.944.438.934;202;0.4381736815;202;6.506.537.437
201;2.928.212.404;201;0.4873325527;201;6.511.952.877
200;2.920.125.484;200;0.4358642399;200;6.496.207.714
;;;;;
Baseline 100%T;;;;;
Baseline 100%T;;;;;
Collection Time: 23/05/2025 09:24:38;;;;;
Operator Name  :;;;;;
Scan Software Version: 4.20(470);;;;;
Parameter List :;;;;;
Instrument                        Cary 100;;;;;
Instrument Version                12.00;;;;;
Start (nm)                        800.00;;;;;
Stop (nm)                         200.00;;;;;
X Mode                            Nanometers;;;;;
Y Mode                            Abs;;;;;
UV-Vis Scan Rate (nm/min)         600.000;;;;;
UV-Vis Data Interval (nm)         1.000;;;;;
UV-Vis Ave. Time (sec)            0.100;;;;;
UV-Vis SBW (nm)                   2.0;;;;;
Beam Mode                         Double;;;;;
Signal-to-noise Mode              Off;;;;;
UV Source                         On;;;;;
Vis Source                        On;;;;;
Source Changeover (nm)            350.00;;;;;
Baseline Correction               On;;;;;
Baseline Type                     Baseline correction;;;;;
Baseline File Name;;;;;
Baseline Std Ref File Name;;;;;
Cycle Mode                        Off;;;;;
Comments;;;;;
Method Log     :;;;;;
Method Name    :;;;;;
Date/Time stamp: 23/05/2025 09:22:28;;;;;
Method Modifications:;;;;;
Auto Lamps Off Changed: 23/05/2025 09:23:30; Old:0; New:1;;;
Baseline Correction Changed: 23/05/2025 09:23:30; Old:0; New:1;;;
End Method Modifications;;;;;
<SBW (nm)> ; 2.00;;;;
<Energy> ; 171.00;;;;
<Current Wavelength> ; 200.00;;;;
;;;;;
sample1;;;;;
sample1;;;;;
Collection Time: 23/05/2025 09:26:57;;;;;
Operator Name  :;;;;;
Scan Software Version: 4.20(470);;;;;
Parameter List :;;;;;
Instrument                        Cary 100;;;;;
Instrument Version                12.00;;;;;
Start (nm)                        800.00;;;;;
Stop (nm)                         200.00;;;;;
X Mode                            Nanometers;;;;;
Y Mode                            Abs;;;;;
UV-Vis Scan Rate (nm/min)         600.000;;;;;
UV-Vis Data Interval (nm)         1.000;;;;;
UV-Vis Ave. Time (sec)            0.100;;;;;
UV-Vis SBW (nm)                   2.0;;;;;
Beam Mode                         Double;;;;;
Signal-to-noise Mode              Off;;;;;
UV Source                         On;;;;;
Vis Source                        On;;;;;
Source Changeover (nm)            350.00;;;;;
Baseline Correction               On;;;;;
Baseline Type                     Baseline correction;;;;;
Baseline File Name;;;;;
Baseline Std Ref File Name;;;;;
Cycle Mode                        Off;;;;;
Comments;;;;;
Method Log     :;;;;;
Method Name    :;;;;;
Date/Time stamp: 23/05/2025 09:22:28;;;;;
Method Modifications:;;;;;
Auto Lamps Off Changed: 23/05/2025 09:23:30; Old:0; New:1;;;
Baseline Correction Changed: 23/05/2025 09:23:30; Old:0; New:1;;;
End Method Modifications;;;;;
<SBW (nm)> ; 2.00;;;;
<Energy> ; 171.00;;;;
<Current Wavelength> ; 200.00;;;;
;;;;;
sample3;;;;;
sample3;;;;;
Collection Time: 23/05/2025 09:40:43;;;;;
Operator Name  :;;;;;
Scan Software Version: 4.20(470);;;;;
Parameter List :;;;;;
Instrument                        Cary 100;;;;;
Instrument Version                12.00;;;;;
Start (nm)                        800.00;;;;;
Stop (nm)                         200.00;;;;;
X Mode                            Nanometers;;;;;
Y Mode                            Abs;;;;;
UV-Vis Scan Rate (nm/min)         600.000;;;;;
UV-Vis Data Interval (nm)         1.000;;;;;
UV-Vis Ave. Time (sec)            0.100;;;;;
UV-Vis SBW (nm)                   2.0;;;;;
Beam Mode                         Double;;;;;
Signal-to-noise Mode              Off;;;;;
UV Source                         On;;;;;
Vis Source                        On;;;;;
Source Changeover (nm)            350.00;;;;;
Baseline Correction               Off;;;;;
Cycle Mode                        Off;;;;;
Comments;;;;;
Method Log     :;;;;;
Method Name    :;;;;;
Date/Time stamp: 23/05/2025 09:22:28;;;;;
Method Modifications:;;;;;
Auto Lamps Off Changed: 23/05/2025 09:23:30; Old:0; New:1;;;
Baseline Correction Changed: 23/05/2025 09:23:30; Old:0; New:1;;;
Baseline Correction Changed: 23/05/2025 09:35:50; Old:1; New:2;;;
Baseline Correction Changed: 23/05/2025 09:40:22; Old:2; New:0;;;
End Method Modifications;;;;;
<SBW (nm)> ; 2.00;;;;
<Energy> ; 171.00;;;;
<Current Wavelength> ; 200.00;;;;
